epi,t,wall_t,opt_step,frame,fps,total_reward,avg_return,avg_len,avg_success,loss,lr,explore_var,entropy_coef,entropy,grad_norm
70.0,21.0,32.0,2500.0,1000.0,31.25,-59.0,-17.53,16.73,0.31,1571.3682,0.00055,,0.001,3.7411122,
141.0,2.0,74.0,7500.0,2000.0,27.027027,-40.0,-20.91,14.11,0.26,1812.1261,0.00055,,0.001,4.060365,
