epi,t,wall_t,opt_step,frame,fps,total_reward,avg_return,avg_len,avg_success,loss,lr,explore_var,entropy_coef,entropy,grad_norm
52.0,21.0,53.0,40000.0,1000.0,18.867924,-59.0,-59.0,21.0,0.0,306.8623,0.001,0.09982,,,
102.0,21.0,121.0,90000.0,2000.0,16.528925,-59.0,-57.62,20.82,0.01,470.42343,0.001,0.09964,,,
158.0,4.0,173.0,140000.0,3000.0,17.34104,-42.0,-45.03,17.83,0.09,458.29196,0.001,0.09946,,,
213.0,21.0,229.0,190000.0,4000.0,17.467249,-59.0,-41.08,18.68,0.13,456.11642,0.001,0.09928,,,
271.0,21.0,285.0,240000.0,5000.0,17.54386,-59.0,-27.21,16.81,0.23,399.28955,0.001,0.0991,,,
