epi,t,wall_t,opt_step,frame,fps,total_reward,avg_return,avg_len,avg_success,loss,lr,explore_var,entropy_coef,entropy,grad_norm
55.0,21.0,27.0,10000.0,1000.0,37.037037,-59.0,-49.28,19.68,0.07,97.76959,0.001,0.09982,,,
106.0,21.0,70.0,22500.0,2000.0,28.571428,-59.0,-54.85,20.45,0.03,130.33304,0.001,0.09964,,,
157.0,21.0,107.0,35000.0,3000.0,28.037384,-59.0,-53.46,20.26,0.04,118.5048,0.001,0.09946,,,
