epi,t,wall_t,opt_step,frame,fps,total_reward,avg_return,avg_len,avg_success,loss,lr,explore_var,entropy_coef,entropy,grad_norm
68.0,10.0,143.0,2500.0,1000.0,6.993007,72.0,-12.66,15.46,0.34,1342.3615,0.00055,,0.001,4.032591,
136.0,2.0,970.0,7500.0,2000.0,2.0618556,-40.0,-15.5,14.7,0.31,1113.0913,0.00055,,0.001,3.8498304,
216.0,21.0,8059.0,12500.0,3000.0,0.3722546,-59.0,-9.91,15.11,0.36,1365.7031,0.00055,,0.001,4.185409,
